frame,score_dynamic,score_dynamic_smoothed_w5,component_rarity,component_transition_surprise,component_local_density
0,67.07048458149781,67.07048458149781,,,67.07048458149781
1,92.84140969162996,91.18942731277532,,,92.84140969162996
2,91.18942731277532,92.84140969162996,,,91.18942731277532
3,96.36563876651982,93.94273127753304,,,96.36563876651982
4,93.94273127753304,93.94273127753304,,,93.94273127753304
5,100.0,96.36563876651982,,,100.0
6,88.21585903083701,93.94273127753304,,,88.21585903083701
7,97.90748898678414,88.21585903083701,,,97.90748898678414
8,87.99559471365639,88.21585903083701,,,87.99559471365639
9,68.28193832599119,95.48458149779736,,,68.28193832599119
10,95.48458149779736,87.99559471365639,,,95.48458149779736
11,98.568281938326,85.13215859030836,,,98.568281938326
12,85.13215859030836,85.13215859030836,,,85.13215859030836
13,85.02202643171806,85.13215859030836,,,85.02202643171806
14,56.718061674008815,85.13215859030836,,,56.718061674008815
15,92.62114537444934,85.02202643171806,,,92.62114537444934
16,89.53744493392071,89.53744493392071,,,89.53744493392071
17,79.62555066079295,89.53744493392071,,,79.62555066079295
18,90.85903083700441,89.53744493392071,,,90.85903083700441
19,83.37004405286343,90.85903083700441,,,83.37004405286343
20,94.7136563876652,90.85903083700441,,,94.7136563876652
21,94.60352422907489,89.09691629955947,,,94.60352422907489
22,73.6784140969163,89.09691629955947,,,73.6784140969163
23,89.09691629955947,75.22026431718062,,,89.09691629955947
24,72.02643171806167,75.22026431718062,,,72.02643171806167
25,75.22026431718062,89.09691629955947,,,75.22026431718062
26,97.79735682819384,76.76211453744493,,,97.79735682819384
27,97.4669603524229,88.98678414096916,,,97.4669603524229
28,76.76211453744493,94.16299559471366,,,76.76211453744493
29,88.98678414096916,91.07929515418502,,,88.98678414096916
30,94.16299559471366,91.07929515418502,,,94.16299559471366
31,91.07929515418502,91.07929515418502,,,91.07929515418502
32,93.06167400881057,91.07929515418502,,,93.06167400881057
33,90.30837004405286,91.07929515418502,,,90.30837004405286
34,79.73568281938326,93.06167400881057,,,79.73568281938326
35,98.89867841409692,90.30837004405286,,,98.89867841409692
36,94.05286343612335,80.39647577092511,,,94.05286343612335
37,80.39647577092511,82.04845814977973,,,80.39647577092511
38,79.40528634361233,82.04845814977973,,,79.40528634361233
39,82.04845814977973,82.04845814977973,,,82.04845814977973
40,98.34801762114537,91.29955947136564,,,98.34801762114537
41,91.29955947136564,98.34801762114537,,,91.29955947136564
42,98.45814977973568,98.34801762114537,,,98.45814977973568
43,98.7885462555066,95.37444933920705,,,98.7885462555066
44,95.37444933920705,95.37444933920705,,,95.37444933920705
45,80.83700440528634,89.31718061674009,,,80.83700440528634
46,43.61233480176212,80.83700440528634,,,43.61233480176212
47,89.31718061674009,68.6123348017621,,,89.31718061674009
48,28.524229074889867,68.6123348017621,,,28.524229074889867
49,68.6123348017621,81.3876651982379,,,68.6123348017621
50,98.6784140969163,71.80616740088107,,,98.6784140969163
51,81.3876651982379,74.55947136563876,,,81.3876651982379
52,71.80616740088107,81.3876651982379,,,71.80616740088107
53,74.55947136563876,81.3876651982379,,,74.55947136563876
54,91.62995594713657,89.75770925110133,,,91.62995594713657
55,96.47577092511013,89.75770925110133,,,96.47577092511013
56,89.75770925110133,91.40969162995594,,,89.75770925110133
57,83.81057268722468,89.75770925110133,,,83.81057268722468
58,91.40969162995594,84.2511013215859,,,91.40969162995594
59,84.03083700440529,84.03083700440529,,,84.03083700440529
60,84.2511013215859,84.03083700440529,,,84.2511013215859
61,78.8546255506608,84.03083700440529,,,78.8546255506608
62,51.98237885462555,78.8546255506608,,,51.98237885462555
63,88.10572687224669,75.1101321585903,,,88.10572687224669
64,60.792951541850215,60.792951541850215,,,60.792951541850215
65,75.1101321585903,75.0,,,75.1101321585903
66,51.87224669603524,60.792951541850215,,,51.87224669603524
67,75.0,60.90308370044053,,,75.0
68,25.991189427312776,60.90308370044053,,,25.991189427312776
69,60.90308370044053,75.0,,,60.90308370044053
70,87.11453744493393,63.87665198237885,,,87.11453744493393
71,95.92511013215858,81.93832599118943,,,95.92511013215858
72,63.87665198237885,82.70925110132158,,,63.87665198237885
73,81.93832599118943,81.93832599118943,,,81.93832599118943
74,82.70925110132158,63.87665198237885,,,82.70925110132158
75,43.942731277533035,81.93832599118943,,,43.942731277533035
76,52.97356828193832,82.70925110132158,,,52.97356828193832
77,83.14977973568281,52.97356828193832,,,83.14977973568281
78,83.25991189427313,52.97356828193832,,,83.25991189427313
79,48.348017621145374,68.94273127753304,,,48.348017621145374
80,49.22907488986784,57.819383259911895,,,49.22907488986784
81,68.94273127753304,49.22907488986784,,,68.94273127753304
82,57.819383259911895,57.819383259911895,,,57.819383259911895
83,29.515418502202646,57.819383259911895,,,29.515418502202646
84,87.55506607929516,57.819383259911895,,,87.55506607929516
85,21.035242290748897,37.66519823788546,,,21.035242290748897
86,77.86343612334802,37.66519823788546,,,77.86343612334802
87,37.66519823788546,37.66519823788546,,,37.66519823788546
88,28.083700440528638,39.4273127753304,,,28.083700440528638
89,54.29515418502202,38.76651982378855,,,54.29515418502202
90,39.4273127753304,38.76651982378855,,,39.4273127753304
91,38.76651982378855,39.4273127753304,,,38.76651982378855
92,35.5726872246696,38.76651982378855,,,35.5726872246696
93,79.29515418502203,37.88546255506608,,,79.29515418502203
94,20.37444933920705,35.5726872246696,,,20.37444933920705
95,37.88546255506608,37.88546255506608,,,37.88546255506608
96,27.422907488986787,27.422907488986787,,,27.422907488986787
97,82.15859030837004,37.88546255506608,,,82.15859030837004
98,25.11013215859031,36.013215859030836,,,25.11013215859031
99,71.58590308370044,67.18061674008811,,,71.58590308370044
100,36.013215859030836,36.013215859030836,,,36.013215859030836
101,67.18061674008811,67.18061674008811,,,67.18061674008811
102,15.969162995594713,67.18061674008811,,,15.969162995594713
103,72.90748898678414,67.18061674008811,,,72.90748898678414
104,85.90308370044053,58.48017621145375,,,85.90308370044053
105,58.48017621145375,58.48017621145375,,,58.48017621145375
106,52.42290748898678,58.48017621145375,,,52.42290748898678
107,52.20264317180616,57.59911894273127,,,52.20264317180616
108,97.24669603524228,57.59911894273127,,,97.24669603524228
109,57.59911894273127,57.59911894273127,,,57.59911894273127
110,65.30837004405286,57.59911894273127,,,65.30837004405286
111,11.343612334801762,57.59911894273127,,,11.343612334801762
112,7.158590308370044,59.25110132158591,,,7.158590308370044
113,59.25110132158591,59.25110132158591,,,59.25110132158591
114,76.3215859030837,76.3215859030837,,,76.3215859030837
115,89.42731277533039,76.3215859030837,,,89.42731277533039
116,90.41850220264317,76.3215859030837,,,90.41850220264317
117,51.541850220264315,67.84140969162996,,,51.541850220264315
118,57.9295154185022,57.9295154185022,,,57.9295154185022
119,67.84140969162996,57.9295154185022,,,67.84140969162996
120,28.854625550660796,67.84140969162996,,,28.854625550660796
121,70.48458149779736,67.84140969162996,,,70.48458149779736
122,73.568281938326,57.37885462555066,,,73.568281938326
123,26.54185022026432,62.99559471365639,,,26.54185022026432
124,57.37885462555066,57.37885462555066,,,57.37885462555066
125,62.99559471365639,44.713656387665196,,,62.99559471365639
126,3.1938325991189425,57.37885462555066,,,3.1938325991189425
127,44.713656387665196,58.03964757709251,,,44.713656387665196
128,58.03964757709251,44.713656387665196,,,58.03964757709251
129,69.16299559471366,44.713656387665196,,,69.16299559471366
130,12.444933920704845,18.3920704845815,,,12.444933920704845
131,4.73568281938326,18.3920704845815,,,4.73568281938326
132,18.3920704845815,18.3920704845815,,,18.3920704845815
133,45.26431718061674,25.33039647577093,,,45.26431718061674
134,28.9647577092511,28.9647577092511,,,28.9647577092511
135,25.33039647577093,44.60352422907489,,,25.33039647577093
136,44.60352422907489,44.60352422907489,,,44.60352422907489
137,49.008810572687224,49.008810572687224,,,49.008810572687224
138,81.4977973568282,56.497797356828194,,,81.4977973568282
139,56.497797356828194,56.497797356828194,,,56.497797356828194
140,71.47577092511013,71.47577092511013,,,71.47577092511013
141,47.57709251101321,71.47577092511013,,,47.57709251101321
142,94.8237885462555,71.47577092511013,,,94.8237885462555
143,76.87224669603523,76.87224669603523,,,76.87224669603523
144,55.947136563876654,76.87224669603523,,,55.947136563876654
145,88.65638766519824,55.947136563876654,,,88.65638766519824
146,18.83259911894273,49.77973568281938,,,18.83259911894273
147,13.766519823788546,49.77973568281938,,,13.766519823788546
148,49.77973568281938,21.255506607929515,,,49.77973568281938
149,63.76651982378855,21.255506607929515,,,63.76651982378855
150,21.255506607929515,28.634361233480178,,,21.255506607929515
151,15.638766519823788,28.634361233480178,,,15.638766519823788
152,28.634361233480178,21.255506607929515,,,28.634361233480178
153,87.66519823788546,28.634361233480178,,,87.66519823788546
154,8.81057268722467,28.634361233480178,,,8.81057268722467
155,59.36123348017621,59.36123348017621,,,59.36123348017621
156,11.784140969162996,36.784140969163,,,11.784140969162996
157,63.54625550660793,59.36123348017621,,,63.54625550660793
158,36.784140969163,36.784140969163,,,36.784140969163
159,71.91629955947137,36.784140969163,,,71.91629955947137
160,15.088105726872246,17.290748898678416,,,15.088105726872246
161,17.290748898678416,17.290748898678416,,,17.290748898678416
162,5.726872246696035,17.290748898678416,,,5.726872246696035
163,81.05726872246696,17.290748898678416,,,81.05726872246696
164,90.63876651982379,19.273127753303964,,,90.63876651982379
165,17.180616740088105,43.281938325991185,,,17.180616740088105
166,19.273127753303964,43.281938325991185,,,19.273127753303964
167,43.281938325991185,43.281938325991185,,,43.281938325991185
168,89.97797356828194,72.13656387665198,,,89.97797356828194
169,84.47136563876651,83.03964757709251,,,84.47136563876651
170,72.13656387665198,83.03964757709251,,,72.13656387665198
171,83.03964757709251,83.03964757709251,,,83.03964757709251
172,69.8237885462555,83.03964757709251,,,69.8237885462555
173,90.7488986784141,90.7488986784141,,,90.7488986784141
174,99.33920704845815,90.7488986784141,,,99.33920704845815
175,99.66960352422907,90.7488986784141,,,99.66960352422907
176,88.32599118942731,88.32599118942731,,,88.32599118942731
177,78.08370044052863,78.08370044052863,,,78.08370044052863
178,48.12775330396476,64.97797356828194,,,48.12775330396476
179,3.524229074889868,48.12775330396476,,,3.524229074889868
180,64.97797356828194,48.12775330396476,,,64.97797356828194
181,17.400881057268723,17.400881057268723,,,17.400881057268723
182,63.436123348017624,63.436123348017624,,,63.436123348017624
183,14.757709251101323,63.436123348017624,,,14.757709251101323
184,86.56387665198237,63.436123348017624,,,86.56387665198237
185,76.431718061674,67.62114537444934,,,76.431718061674
186,56.05726872246696,76.431718061674,,,56.05726872246696
187,67.62114537444934,67.62114537444934,,,67.62114537444934
188,87.00440528634361,64.09691629955947,,,87.00440528634361
189,64.09691629955947,64.09691629955947,,,64.09691629955947
190,53.08370044052864,64.09691629955947,,,53.08370044052864
191,26.10132158590308,64.09691629955947,,,26.10132158590308
192,85.24229074889867,82.92951541850219,,,85.24229074889867
193,86.78414096916299,82.92951541850219,,,86.78414096916299
194,82.92951541850219,82.92951541850219,,,82.92951541850219
195,34.36123348017621,82.92951541850219,,,34.36123348017621
196,21.80616740088106,82.26872246696036,,,21.80616740088106
197,93.3920704845815,71.69603524229075,,,93.3920704845815
198,82.26872246696036,71.69603524229075,,,82.26872246696036
199,71.69603524229075,82.26872246696036,,,71.69603524229075
200,69.27312775330397,71.69603524229075,,,69.27312775330397
201,96.91629955947137,69.27312775330397,,,96.91629955947137
202,56.38766519823789,67.29074889867842,,,56.38766519823789
203,67.29074889867842,67.29074889867842,,,67.29074889867842
204,32.158590308370044,67.29074889867842,,,32.158590308370044
205,71.1453744493392,67.29074889867842,,,71.1453744493392
206,93.72246696035242,70.59471365638767,,,93.72246696035242
207,59.58149779735683,70.59471365638767,,,59.58149779735683
208,70.59471365638767,59.58149779735683,,,70.59471365638767
209,14.317180616740089,59.58149779735683,,,14.317180616740089
210,35.13215859030837,63.65638766519823,,,35.13215859030837
211,78.9647577092511,40.198237885462554,,,78.9647577092511
212,63.65638766519823,63.65638766519823,,,63.65638766519823
213,40.198237885462554,78.9647577092511,,,40.198237885462554
214,83.59030837004406,83.59030837004406,,,83.59030837004406
215,99.22907488986785,83.59030837004406,,,99.22907488986785
216,99.8898678414097,90.96916299559471,,,99.8898678414097
217,82.37885462555066,90.96916299559471,,,82.37885462555066
218,90.96916299559471,82.37885462555066,,,90.96916299559471
219,57.70925110132159,80.61674008810573,,,57.70925110132159
220,24.229074889867842,80.61674008810573,,,24.229074889867842
221,80.61674008810573,80.61674008810573,,,80.61674008810573
222,97.68722466960352,86.67400881057269,,,97.68722466960352
223,95.26431718061674,86.67400881057269,,,95.26431718061674
224,86.67400881057269,86.67400881057269,,,86.67400881057269
225,40.859030837004404,50.0,,,40.859030837004404
226,50.0,40.859030837004404,,,50.0
227,12.885462555066079,40.859030837004404,,,12.885462555066079
228,10.79295154185022,21.58590308370044,,,10.79295154185022
229,46.035242290748904,21.58590308370044,,,46.035242290748904
230,21.58590308370044,21.58590308370044,,,21.58590308370044
231,23.348017621145374,23.237885462555067,,,23.348017621145374
232,17.731277533039645,23.237885462555067,,,17.731277533039645
233,23.237885462555067,23.237885462555067,,,23.237885462555067
234,44.38325991189427,23.237885462555067,,,44.38325991189427
235,7.268722466960352,41.18942731277533,,,7.268722466960352
236,87.77533039647577,44.38325991189427,,,87.77533039647577
237,41.18942731277533,65.96916299559471,,,41.18942731277533
238,65.96916299559471,65.96916299559471,,,65.96916299559471
239,80.1762114537445,41.519823788546255,,,80.1762114537445
240,41.519823788546255,41.519823788546255,,,41.519823788546255
241,21.696035242290748,41.519823788546255,,,21.696035242290748
242,3.634361233480176,41.519823788546255,,,3.634361233480176
243,49.33920704845815,49.33920704845815,,,49.33920704845815
244,65.63876651982379,49.33920704845815,,,65.63876651982379
245,66.51982378854625,49.33920704845815,,,66.51982378854625
246,28.41409691629956,28.41409691629956,,,28.41409691629956
247,14.977973568281937,28.41409691629956,,,14.977973568281937
248,2.8634361233480177,27.973568281938327,,,2.8634361233480177
249,33.480176211453745,27.973568281938327,,,33.480176211453745
250,27.973568281938327,33.480176211453745,,,27.973568281938327
251,95.59471365638767,36.34361233480176,,,95.59471365638767
252,36.34361233480176,36.34361233480176,,,36.34361233480176
253,50.66079295154186,43.06167400881058,,,50.66079295154186
254,1.2114537444933922,36.34361233480176,,,1.2114537444933922
255,43.06167400881058,20.594713656387665,,,43.06167400881058
256,13.876651982378855,20.594713656387665,,,13.876651982378855
257,20.594713656387665,26.982378854625548,,,20.594713656387665
258,26.982378854625548,20.594713656387665,,,26.982378854625548
259,65.7488986784141,26.982378854625548,,,65.7488986784141
260,2.643171806167401,26.982378854625548,,,2.643171806167401
261,27.75330396475771,12.22466960352423,,,27.75330396475771
262,4.6255506607929515,12.22466960352423,,,4.6255506607929515
263,12.22466960352423,12.22466960352423,,,12.22466960352423
264,68.72246696035242,12.22466960352423,,,68.72246696035242
265,11.894273127753303,19.493392070484582,,,11.894273127753303
266,54.62555066079295,54.62555066079295,,,54.62555066079295
267,19.493392070484582,54.62555066079295,,,19.493392070484582
268,71.36563876651982,54.62555066079295,,,71.36563876651982
269,65.85903083700441,65.85903083700441,,,65.85903083700441
270,6.938325991189427,65.85903083700441,,,6.938325991189427
271,78.30396475770925,65.85903083700441,,,78.30396475770925
272,14.096916299559473,27.863436123348016,,,14.096916299559473
273,80.94713656387665,37.11453744493392,,,80.94713656387665
274,27.863436123348016,27.863436123348016,,,27.863436123348016
275,37.11453744493392,30.506607929515418,,,37.11453744493392
276,20.26431718061674,27.863436123348016,,,20.26431718061674
277,30.506607929515418,30.506607929515418,,,30.506607929515418
278,18.17180616740088,30.506607929515418,,,18.17180616740088
279,41.740088105726876,30.506607929515418,,,41.740088105726876
280,63.32599118942731,22.90748898678414,,,63.32599118942731
281,22.577092511013216,22.90748898678414,,,22.577092511013216
282,22.90748898678414,22.90748898678414,,,22.90748898678414
283,20.704845814977972,22.90748898678414,,,20.704845814977972
284,38.986784140969164,22.90748898678414,,,38.986784140969164
285,33.14977973568282,33.14977973568282,,,33.14977973568282
286,14.867841409691628,38.986784140969164,,,14.867841409691628
287,74.00881057268722,33.14977973568282,,,74.00881057268722
288,83.92070484581498,14.867841409691628,,,83.92070484581498
289,1.3215859030837005,45.15418502202643,,,1.3215859030837005
290,0.7709251101321586,29.405286343612335,,,0.7709251101321586
291,45.15418502202643,27.53303964757709,,,45.15418502202643
292,29.405286343612335,29.405286343612335,,,29.405286343612335
293,27.53303964757709,31.497797356828194,,,27.53303964757709
294,31.497797356828194,31.497797356828194,,,31.497797356828194
295,60.68281938325991,60.68281938325991,,,60.68281938325991
296,66.74008810572687,60.68281938325991,,,66.74008810572687
297,61.67400881057269,60.68281938325991,,,61.67400881057269
298,31.718061674008812,52.5330396475771,,,31.718061674008812
299,33.81057268722467,33.81057268722467,,,33.81057268722467
300,52.5330396475771,31.938325991189426,,,52.5330396475771
301,31.938325991189426,33.81057268722467,,,31.938325991189426
302,10.352422907488986,48.89867841409692,,,10.352422907488986
303,48.89867841409692,48.89867841409692,,,48.89867841409692
304,95.81497797356829,62.11453744493392,,,95.81497797356829
305,62.11453744493392,62.11453744493392,,,62.11453744493392
306,73.89867841409692,62.11453744493392,,,73.89867841409692
307,37.55506607929515,62.11453744493392,,,37.55506607929515
308,27.6431718061674,37.55506607929515,,,27.6431718061674
309,69.49339207048459,29.295154185022028,,,69.49339207048459
310,29.295154185022028,29.295154185022028,,,29.295154185022028
311,4.5154185022026425,34.691629955947135,,,4.5154185022026425
312,46.91629955947136,34.691629955947135,,,46.91629955947136
313,34.691629955947135,34.691629955947135,,,34.691629955947135
314,35.68281938325991,34.691629955947135,,,35.68281938325991
315,14.537444933920703,14.537444933920703,,,14.537444933920703
316,5.39647577092511,14.537444933920703,,,5.39647577092511
317,6.828193832599119,14.537444933920703,,,6.828193832599119
318,64.31718061674009,55.2863436123348,,,64.31718061674009
319,55.50660792951542,55.2863436123348,,,55.50660792951542
320,55.2863436123348,55.50660792951542,,,55.2863436123348
321,41.409691629955944,55.2863436123348,,,41.409691629955944
322,59.140969162995596,41.409691629955944,,,59.140969162995596
323,9.581497797356828,41.409691629955944,,,9.581497797356828
324,34.47136563876652,34.47136563876652,,,34.47136563876652
325,70.26431718061674,12.77533039647577,,,70.26431718061674
326,12.77533039647577,24.88986784140969,,,12.77533039647577
327,8.480176211453745,24.88986784140969,,,8.480176211453745
328,24.88986784140969,24.88986784140969,,,24.88986784140969
329,37.77533039647577,26.431718061674008,,,37.77533039647577
330,44.16299559471366,37.77533039647577,,,44.16299559471366
331,26.431718061674008,40.7488986784141,,,26.431718061674008
332,77.42290748898678,40.7488986784141,,,77.42290748898678
333,40.7488986784141,37.44493392070485,,,40.7488986784141
334,1.1013215859030838,40.7488986784141,,,1.1013215859030838
335,37.44493392070485,37.44493392070485,,,37.44493392070485
336,56.27753303964758,32.048458149779734,,,56.27753303964758
337,5.176211453744493,32.048458149779734,,,5.176211453744493
338,32.048458149779734,31.05726872246696,,,32.048458149779734
339,9.691629955947137,31.05726872246696,,,9.691629955947137
340,31.05726872246696,32.048458149779734,,,31.05726872246696
341,62.55506607929515,44.93392070484582,,,62.55506607929515
342,62.33480176211453,44.93392070484582,,,62.33480176211453
343,44.93392070484582,44.93392070484582,,,44.93392070484582
344,23.568281938325992,23.568281938325992,,,23.568281938325992
345,1.4317180616740088,23.568281938325992,,,1.4317180616740088
346,16.299559471365637,23.568281938325992,,,16.299559471365637
347,32.59911894273127,32.59911894273127,,,32.59911894273127
348,99.00881057268722,52.6431718061674,,,99.00881057268722
349,69.38325991189427,52.6431718061674,,,69.38325991189427
350,52.6431718061674,69.38325991189427,,,52.6431718061674
351,31.607929515418505,52.6431718061674,,,31.607929515418505
352,92.51101321585902,52.6431718061674,,,92.51101321585902
353,33.92070484581498,68.17180616740089,,,33.92070484581498
354,88.76651982378854,68.17180616740089,,,88.76651982378854
355,68.17180616740089,55.837004405286336,,,68.17180616740089
356,55.837004405286336,55.837004405286336,,,55.837004405286336
357,21.145374449339208,55.837004405286336,,,21.145374449339208
358,11.674008810572687,21.145374449339208,,,11.674008810572687
359,93.17180616740089,14.427312775330398,,,93.17180616740089
360,0.6607929515418502,14.427312775330398,,,0.6607929515418502
361,14.427312775330398,19.383259911894275,,,14.427312775330398
362,22.46696035242291,19.383259911894275,,,22.46696035242291
363,19.383259911894275,22.46696035242291,,,19.383259911894275
364,26.651982378854626,26.651982378854626,,,26.651982378854626
365,65.08810572687224,26.651982378854626,,,65.08810572687224
366,61.12334801762115,26.651982378854626,,,61.12334801762115
367,9.801762114537445,39.75770925110132,,,9.801762114537445
368,23.017621145374452,39.75770925110132,,,23.017621145374452
369,39.75770925110132,23.017621145374452,,,39.75770925110132
370,57.15859030837004,23.017621145374452,,,57.15859030837004
371,22.356828193832598,39.75770925110132,,,22.356828193832598
372,4.295154185022026,23.898678414096917,,,4.295154185022026
373,71.0352422907489,23.898678414096917,,,71.0352422907489
374,23.898678414096917,36.23348017621145,,,23.898678414096917
375,61.563876651982376,45.59471365638766,,,61.563876651982376
376,36.23348017621145,36.23348017621145,,,36.23348017621145
377,45.59471365638766,45.59471365638766,,,45.59471365638766
378,7.819383259911894,36.23348017621145,,,7.819383259911894
379,46.80616740088105,45.59471365638766,,,46.80616740088105
380,16.519823788546255,46.80616740088105,,,16.519823788546255
381,60.46255506607929,46.80616740088105,,,60.46255506607929
382,50.22026431718062,50.22026431718062,,,50.22026431718062
383,45.92511013215859,60.46255506607929,,,45.92511013215859
384,78.52422907488987,50.22026431718062,,,78.52422907488987
385,77.20264317180616,77.20264317180616,,,77.20264317180616
386,6.497797356828194,77.20264317180616,,,6.497797356828194
387,93.28193832599119,77.20264317180616,,,93.28193832599119
388,13.43612334801762,13.43612334801762,,,13.43612334801762
389,89.64757709251101,50.991189427312776,,,89.64757709251101
390,1.6519823788546255,39.647577092511014,,,1.6519823788546255
391,50.991189427312776,39.647577092511014,,,50.991189427312776
392,39.647577092511014,15.748898678414097,,,39.647577092511014
393,15.748898678414097,39.647577092511014,,,15.748898678414097
394,0.5506607929515419,28.30396475770925,,,0.5506607929515419
395,41.96035242290749,28.30396475770925,,,41.96035242290749
396,28.30396475770925,28.30396475770925,,,28.30396475770925
397,31.387665198237887,29.845814977973568,,,31.387665198237887
398,11.45374449339207,28.30396475770925,,,11.45374449339207
399,29.845814977973568,22.026431718061673,,,29.845814977973568
400,2.4229074889867843,16.96035242290749,,,2.4229074889867843
401,22.026431718061673,22.026431718061673,,,22.026431718061673
402,16.96035242290749,22.026431718061673,,,16.96035242290749
403,35.90308370044053,35.90308370044053,,,35.90308370044053
404,47.797356828193834,35.90308370044053,,,47.797356828193834
405,36.12334801762114,35.90308370044053,,,36.12334801762114
406,8.259911894273127,18.502202643171806,,,8.259911894273127
407,18.502202643171806,18.502202643171806,,,18.502202643171806
408,1.9823788546255507,18.502202643171806,,,1.9823788546255507
409,18.94273127753304,18.502202643171806,,,18.94273127753304
410,86.01321585903084,18.94273127753304,,,86.01321585903084
411,1.5418502202643172,18.94273127753304,,,1.5418502202643172
412,50.881057268722465,50.881057268722465,,,50.881057268722465
413,4.405286343612335,50.881057268722465,,,4.405286343612335
414,67.51101321585902,50.881057268722465,,,67.51101321585902
415,56.6079295154185,35.46255506607929,,,56.6079295154185
416,34.801762114537446,56.6079295154185,,,34.801762114537446
417,35.46255506607929,46.47577092511013,,,35.46255506607929
418,63.21585903083701,35.46255506607929,,,63.21585903083701
419,46.47577092511013,35.79295154185022,,,46.47577092511013
420,28.193832599118945,35.79295154185022,,,28.193832599118945
421,35.79295154185022,28.193832599118945,,,35.79295154185022
422,17.841409691629956,17.841409691629956,,,17.841409691629956
423,11.233480176211454,17.841409691629956,,,11.233480176211454
424,10.242290748898679,17.841409691629956,,,10.242290748898679
425,87.44493392070484,18.28193832599119,,,87.44493392070484
426,18.28193832599119,41.29955947136564,,,18.28193832599119
427,94.38325991189427,53.19383259911894,,,94.38325991189427
428,41.29955947136564,41.29955947136564,,,41.29955947136564
429,53.19383259911894,41.29955947136564,,,53.19383259911894
430,13.105726872246695,29.955947136563875,,,13.105726872246695
431,22.79735682819383,29.955947136563875,,,22.79735682819383
432,29.955947136563875,29.955947136563875,,,29.955947136563875
433,37.99559471365639,29.955947136563875,,,37.99559471365639
434,64.75770925110133,37.99559471365639,,,64.75770925110133
435,13.54625550660793,37.99559471365639,,,13.54625550660793
436,66.40969162995594,47.136563876651984,,,66.40969162995594
437,5.506607929515418,13.54625550660793,,,5.506607929515418
438,47.136563876651984,24.008810572687224,,,47.136563876651984
439,0.9911894273127754,24.008810572687224,,,0.9911894273127754
440,24.008810572687224,42.731277533039645,,,24.008810572687224
441,42.731277533039645,42.731277533039645,,,42.731277533039645
442,55.06607929515418,48.6784140969163,,,55.06607929515418
443,48.6784140969163,53.74449339207048,,,48.6784140969163
444,53.74449339207048,53.74449339207048,,,53.74449339207048
445,81.82819383259911,48.6784140969163,,,81.82819383259911
446,39.09691629955947,39.09691629955947,,,39.09691629955947
447,0.4405286343612335,39.09691629955947,,,0.4405286343612335
448,4.955947136563877,39.09691629955947,,,4.955947136563877
449,45.37444933920705,4.955947136563877,,,45.37444933920705
450,59.91189427312775,4.955947136563877,,,59.91189427312775
451,2.2026431718061676,2.2026431718061676,,,2.2026431718061676
452,0.3303964757709251,2.2026431718061676,,,0.3303964757709251
453,2.092511013215859,2.2026431718061676,,,2.092511013215859
454,7.488986784140969,7.488986784140969,,,7.488986784140969
455,19.60352422907489,14.20704845814978,,,19.60352422907489
456,14.20704845814978,14.20704845814978,,,14.20704845814978
457,60.13215859030837,19.60352422907489,,,60.13215859030837
458,0.22026431718061676,24.33920704845815,,,0.22026431718061676
459,24.33920704845815,33.70044052863436,,,24.33920704845815
460,68.83259911894272,27.20264317180617,,,68.83259911894272
461,33.70044052863436,33.70044052863436,,,33.70044052863436
462,27.20264317180617,39.86784140969163,,,27.20264317180617
463,39.86784140969163,39.31718061674009,,,39.86784140969163
464,95.15418502202643,39.31718061674009,,,95.15418502202643
465,39.31718061674009,39.86784140969163,,,39.31718061674009
466,32.929515418502206,56.82819383259912,,,32.929515418502206
467,56.82819383259912,39.31718061674009,,,56.82819383259912
468,97.57709251101322,48.23788546255506,,,97.57709251101322
469,33.259911894273124,48.23788546255506,,,33.259911894273124
470,48.23788546255506,33.259911894273124,,,48.23788546255506
471,18.722466960352424,33.259911894273124,,,18.722466960352424
472,8.920704845814978,18.722466960352424,,,8.920704845814978
473,74.33920704845815,18.722466960352424,,,74.33920704845815
474,5.8370044052863435,10.682819383259911,,,5.8370044052863435
475,20.044052863436125,20.044052863436125,,,20.044052863436125
476,10.682819383259911,20.044052863436125,,,10.682819383259911
477,25.770925110132158,25.770925110132158,,,25.770925110132158
478,57.048458149779734,25.770925110132158,,,57.048458149779734
479,74.66960352422907,25.770925110132158,,,74.66960352422907
480,4.845814977973569,20.484581497797357,,,4.845814977973569
481,8.590308370044053,20.484581497797357,,,8.590308370044053
482,20.484581497797357,20.484581497797357,,,20.484581497797357
483,49.44933920704846,20.484581497797357,,,49.44933920704846
484,32.709251101321584,23.6784140969163,,,32.709251101321584
485,8.700440528634362,32.709251101321584,,,8.700440528634362
486,23.6784140969163,32.709251101321584,,,23.6784140969163
487,34.91189427312775,34.91189427312775,,,34.91189427312775
488,75.88105726872246,38.43612334801762,,,75.88105726872246
489,38.43612334801762,38.43612334801762,,,38.43612334801762
490,80.50660792951541,38.43612334801762,,,80.50660792951541
491,33.590308370044056,33.590308370044056,,,33.590308370044056
492,17.070484581497798,20.92511013215859,,,17.070484581497798
493,20.92511013215859,20.92511013215859,,,20.92511013215859
494,16.079295154185022,17.070484581497798,,,16.079295154185022
495,52.863436123348016,20.92511013215859,,,52.863436123348016
496,3.9647577092511015,46.36563876651982,,,3.9647577092511015
497,62.00440528634361,46.36563876651982,,,62.00440528634361
498,46.36563876651982,21.916299559471366,,,46.36563876651982
499,21.916299559471366,21.916299559471366,,,21.916299559471366
500,10.572687224669604,18.612334801762113,,,10.572687224669604
501,0.11013215859030838,10.572687224669604,,,0.11013215859030838
502,18.612334801762113,10.572687224669604,,,18.612334801762113
503,2.753303964757709,18.612334801762113,,,2.753303964757709
504,78.41409691629956,18.612334801762113,,,78.41409691629956
505,36.45374449339207,36.45374449339207,,,36.45374449339207
506,12.004405286343612,36.45374449339207,,,12.004405286343612
507,87.33480176211454,34.030837004405285,,,87.33480176211454
508,34.030837004405285,29.625550660792953,,,34.030837004405285
509,11.013215859030836,34.030837004405285,,,11.013215859030836
510,29.625550660792953,34.030837004405285,,,29.625550660792953
511,54.18502202643172,29.625550660792953,,,54.18502202643172
512,96.0352422907489,29.625550660792953,,,96.0352422907489
513,26.3215859030837,51.65198237885462,,,26.3215859030837
514,24.44933920704846,26.3215859030837,,,24.44933920704846
515,51.65198237885462,26.3215859030837,,,51.65198237885462
516,3.7444933920704844,24.44933920704846,,,3.7444933920704844
517,40.52863436123348,25.440528634361232,,,40.52863436123348
518,12.114537444933921,25.440528634361232,,,12.114537444933921
519,25.440528634361232,38.32599118942731,,,25.440528634361232
520,38.32599118942731,25.440528634361232,,,38.32599118942731
521,43.83259911894273,25.440528634361232,,,43.83259911894273
522,12.334801762114537,12.334801762114537,,,12.334801762114537
523,10.13215859030837,10.13215859030837,,,10.13215859030837
524,0.881057268722467,10.13215859030837,,,0.881057268722467
525,1.8722466960352422,10.13215859030837,,,1.8722466960352422
526,40.41850220264317,40.41850220264317,,,40.41850220264317
527,51.2114537444934,47.3568281938326,,,51.2114537444934
528,58.370044052863435,47.3568281938326,,,58.370044052863435
529,47.3568281938326,51.2114537444934,,,47.3568281938326
530,38.87665198237886,47.3568281938326,,,38.87665198237886
531,62.44493392070485,47.3568281938326,,,62.44493392070485
532,18.06167400881057,38.87665198237886,,,18.06167400881057
533,66.07929515418502,38.65638766519824,,,66.07929515418502
534,9.030837004405285,38.65638766519824,,,9.030837004405285
535,38.65638766519824,43.502202643171806,,,38.65638766519824
536,43.502202643171806,38.65638766519824,,,43.502202643171806
537,47.02643171806167,43.502202643171806,,,47.02643171806167
538,36.56387665198238,43.502202643171806,,,36.56387665198238
539,59.03083700440529,36.56387665198238,,,59.03083700440529
540,13.986784140969164,36.56387665198238,,,13.986784140969164
541,15.859030837004406,44.27312775330397,,,15.859030837004406
542,48.78854625550661,16.629955947136562,,,48.78854625550661
543,44.27312775330397,22.136563876651984,,,44.27312775330397
544,16.629955947136562,42.180616740088105,,,16.629955947136562
545,22.136563876651984,22.136563876651984,,,22.136563876651984
546,42.180616740088105,16.629955947136562,,,42.180616740088105
547,8.149779735682818,13.325991189427313,,,8.149779735682818
548,6.607929515418502,13.325991189427313,,,6.607929515418502
549,13.325991189427313,13.325991189427313,,,13.325991189427313
550,33.03964757709251,33.03964757709251,,,33.03964757709251
551,54.95594713656388,33.03964757709251,,,54.95594713656388
552,70.81497797356829,38.215859030837,,,70.81497797356829
553,30.837004405286343,40.969162995594715,,,30.837004405286343
554,38.215859030837,40.969162995594715,,,38.215859030837
555,40.969162995594715,40.969162995594715,,,40.969162995594715
556,49.669603524229075,42.951541850220266,,,49.669603524229075
557,42.951541850220266,42.951541850220266,,,42.951541850220266
558,66.29955947136564,42.951541850220266,,,66.29955947136564
559,12.995594713656388,42.951541850220266,,,12.995594713656388
560,5.066079295154185,50.77092511013216,,,5.066079295154185
561,55.72687224669603,12.995594713656388,,,55.72687224669603
562,50.77092511013216,9.911894273127754,,,50.77092511013216
563,9.911894273127754,9.911894273127754,,,9.911894273127754
564,2.3127753303964758,9.911894273127754,,,2.3127753303964758
565,5.616740088105727,9.911894273127754,,,5.616740088105727
566,81.16740088105728,52.092511013215855,,,81.16740088105728
567,70.15418502202643,52.31277533039648,,,70.15418502202643
568,52.092511013215855,55.61674008810573,,,52.092511013215855
569,52.31277533039648,52.31277533039648,,,52.31277533039648
570,55.61674008810573,52.31277533039648,,,55.61674008810573
571,6.057268722466961,52.31277533039648,,,6.057268722466961
572,70.04405286343612,35.24229074889868,,,70.04405286343612
573,29.185022026431717,35.24229074889868,,,29.185022026431717
574,35.24229074889868,35.24229074889868,,,35.24229074889868
575,86.23348017621146,30.616740088105725,,,86.23348017621146
576,30.616740088105725,35.24229074889868,,,30.616740088105725
577,6.387665198237885,30.616740088105725,,,6.387665198237885
578,50.440528634361236,26.87224669603524,,,50.440528634361236
579,15.198237885462554,20.154185022026432,,,15.198237885462554
580,26.87224669603524,23.45814977973568,,,26.87224669603524
581,20.154185022026432,23.45814977973568,,,20.154185022026432
582,23.45814977973568,23.45814977973568,,,23.45814977973568
583,74.8898678414097,21.365638766519822,,,74.8898678414097
584,21.365638766519822,23.45814977973568,,,21.365638766519822
585,3.303964757709251,53.964757709251096,,,3.303964757709251
586,53.964757709251096,53.964757709251096,,,53.964757709251096
587,69.60352422907489,53.964757709251096,,,69.60352422907489
588,85.68281938325991,53.964757709251096,,,85.68281938325991
589,9.140969162995596,32.819383259911895,,,9.140969162995596
590,32.819383259911895,15.52863436123348,,,32.819383259911895
591,15.52863436123348,15.52863436123348,,,15.52863436123348
592,6.277533039647578,16.740088105726873,,,6.277533039647578
593,16.740088105726873,16.740088105726873,,,16.740088105726873
594,31.828193832599116,31.828193832599116,,,31.828193832599116
595,86.34361233480176,31.828193832599116,,,86.34361233480176
596,94.93392070484582,68.06167400881057,,,94.93392070484582
597,19.162995594713657,68.06167400881057,,,19.162995594713657
598,68.06167400881057,49.88986784140969,,,68.06167400881057
599,49.88986784140969,19.162995594713657,,,49.88986784140969
600,5.286343612334802,49.88986784140969,,,5.286343612334802
601,11.123348017621145,49.88986784140969,,,11.123348017621145
602,54.73568281938326,54.73568281938326,,,54.73568281938326
603,70.37444933920705,54.73568281938326,,,70.37444933920705
604,61.23348017621145,61.23348017621145,,,61.23348017621145
605,24.11894273127753,61.23348017621145,,,24.11894273127753
606,83.70044052863436,43.17180616740088,,,83.70044052863436
607,43.17180616740088,43.17180616740088,,,43.17180616740088
608,30.396475770925107,43.17180616740088,,,30.396475770925107
609,80.2863436123348,30.396475770925107,,,80.2863436123348
610,9.251101321585903,30.396475770925107,,,9.251101321585903
611,27.312775330396477,27.312775330396477,,,27.312775330396477
612,54.074889867841414,9.251101321585903,,,54.074889867841414
613,5.947136563876652,27.312775330396477,,,5.947136563876652
614,6.71806167400881,12.665198237885464,,,6.71806167400881
615,57.268722466960355,12.665198237885464,,,57.268722466960355
616,12.665198237885464,12.665198237885464,,,12.665198237885464
617,42.290748898678416,12.665198237885464,,,42.290748898678416
618,8.370044052863436,12.665198237885464,,,8.370044052863436
619,7.709251101321586,40.63876651982379,,,7.709251101321586
620,59.691629955947135,9.47136563876652,,,59.691629955947135
621,40.63876651982379,40.63876651982379,,,40.63876651982379
622,9.47136563876652,40.63876651982379,,,9.47136563876652
623,77.09251101321586,25.0,,,77.09251101321586
624,24.559471365638768,25.0,,,24.559471365638768
625,25.0,46.69603524229075,,,25.0
626,75.77092511013215,25.0,,,75.77092511013215
627,46.69603524229075,25.0,,,46.69603524229075
628,2.973568281938326,36.67400881057269,,,2.973568281938326
629,8.039647577092511,8.039647577092511,,,8.039647577092511
630,36.67400881057269,7.599118942731277,,,36.67400881057269
631,7.599118942731277,8.039647577092511,,,7.599118942731277
632,4.074889867841409,14.647577092511014,,,4.074889867841409
633,40.08810572687225,14.647577092511014,,,40.08810572687225
634,14.647577092511014,14.647577092511014,,,14.647577092511014
635,26.21145374449339,14.647577092511014,,,26.21145374449339
636,13.656387665198238,14.647577092511014,,,13.656387665198238
637,11.563876651982378,13.656387665198238,,,11.563876651982378
638,45.70484581497797,13.656387665198238,,,45.70484581497797
639,10.462555066079295,21.475770925110133,,,10.462555066079295
640,92.07048458149781,21.475770925110133,,,92.07048458149781
641,21.475770925110133,21.475770925110133,,,21.475770925110133
642,17.951541850220266,23.127753303964756,,,17.951541850220266
643,36.8942731277533,21.475770925110133,,,36.8942731277533
644,23.127753303964756,23.127753303964756,,,23.127753303964756
645,15.418502202643172,36.8942731277533,,,15.418502202643172
646,68.5022026431718,23.127753303964756,,,68.5022026431718
647,79.07488986784142,15.418502202643172,,,79.07488986784142
648,13.215859030837004,46.585903083700444,,,13.215859030837004
649,0.0,46.585903083700444,,,0.0
650,46.585903083700444,13.215859030837004,,,46.585903083700444
651,48.458149779735685,19.7136563876652,,,48.458149779735685
652,6.167400881057269,19.7136563876652,,,6.167400881057269
653,19.7136563876652,6.167400881057269,,,19.7136563876652
654,3.0837004405286343,3.854625550660793,,,3.0837004405286343
655,3.4140969162995596,3.854625550660793,,,3.4140969162995596
656,3.854625550660793,3.854625550660793,,,3.854625550660793
657,61.89427312775331,7.3788546255506615,,,61.89427312775331
658,60.022026431718054,7.3788546255506615,,,60.022026431718054
659,7.3788546255506615,15.308370044052863,,,7.3788546255506615
660,2.5330396475770924,15.308370044052863,,,2.5330396475770924
661,15.308370044052863,15.308370044052863,,,15.308370044052863
662,75.44052863436124,17.62114537444934,,,75.44052863436124
663,17.62114537444934,29.074889867841406,,,17.62114537444934
664,69.93392070484582,29.074889867841406,,,69.93392070484582
665,29.074889867841406,25.55066079295154,,,29.074889867841406
666,24.779735682819386,29.074889867841406,,,24.779735682819386
667,25.55066079295154,29.074889867841406,,,25.55066079295154
668,91.96035242290749,67.40088105726872,,,91.96035242290749
669,92.73127753303964,67.40088105726872,,,92.73127753303964
670,67.40088105726872,67.40088105726872,,,67.40088105726872
671,64.42731277533039,64.42731277533039,,,64.42731277533039
672,39.20704845814978,39.20704845814978,,,39.20704845814978
673,32.378854625550666,39.20704845814978,,,32.378854625550666
674,10.90308370044053,39.20704845814978,,,10.90308370044053
675,90.19823788546255,56.167400881057276,,,90.19823788546255
676,77.75330396475772,56.167400881057276,,,77.75330396475772
677,56.167400881057276,56.167400881057276,,,56.167400881057276
678,44.052863436123346,53.85462555066079,,,44.052863436123346
679,32.268722466960355,53.85462555066079,,,32.268722466960355
680,53.85462555066079,53.85462555066079,,,53.85462555066079
681,54.51541850220264,54.51541850220264,,,54.51541850220264
682,99.44933920704845,64.20704845814979,,,99.44933920704845
683,82.81938325991189,64.20704845814979,,,82.81938325991189
684,64.20704845814979,64.20704845814979,,,64.20704845814979
685,37.22466960352423,45.81497797356828,,,37.22466960352423
686,30.726872246696036,45.81497797356828,,,30.726872246696036
687,45.81497797356828,45.81497797356828,,,45.81497797356828
688,98.12775330396477,45.81497797356828,,,98.12775330396477
689,72.4669603524229,60.57268722466961,,,72.4669603524229
690,19.823788546255507,62.66519823788547,,,19.823788546255507
691,60.57268722466961,62.66519823788547,,,60.57268722466961
692,62.66519823788547,60.57268722466961,,,62.66519823788547
693,76.65198237885463,60.57268722466961,,,76.65198237885463
694,38.1057268722467,62.66519823788547,,,38.1057268722467
695,19.933920704845814,38.1057268722467,,,19.933920704845814
696,82.59911894273128,19.933920704845814,,,82.59911894273128
697,19.05286343612335,19.933920704845814,,,19.05286343612335
698,10.022026431718063,31.277533039647576,,,10.022026431718063
699,31.277533039647576,31.277533039647576,,,31.277533039647576
700,62.22466960352423,45.04405286343612,,,62.22466960352423
701,76.10132158590308,45.04405286343612,,,76.10132158590308
702,45.04405286343612,62.22466960352423,,,45.04405286343612
703,37.00440528634361,45.04405286343612,,,37.00440528634361
704,90.08810572687224,37.00440528634361,,,90.08810572687224
705,4.185022026431718,37.00440528634361,,,4.185022026431718
706,28.744493392070485,78.74449339207048,,,28.744493392070485
707,78.74449339207048,78.74449339207048,,,78.74449339207048
708,79.95594713656388,78.74449339207048,,,79.95594713656388
709,94.27312775330397,78.74449339207048,,,94.27312775330397
710,55.396475770925115,68.3920704845815,,,55.396475770925115
711,47.68722466960352,55.396475770925115,,,47.68722466960352
712,68.3920704845815,47.68722466960352,,,68.3920704845815
713,17.51101321585903,24.669603524229075,,,17.51101321585903
714,16.189427312775333,17.51101321585903,,,16.189427312775333
715,24.669603524229075,17.51101321585903,,,24.669603524229075
716,9.361233480176212,16.189427312775333,,,9.361233480176212
717,47.246696035242294,24.669603524229075,,,47.246696035242294
718,7.048458149779736,30.066079295154186,,,7.048458149779736
719,76.54185022026432,37.33480176211454,,,76.54185022026432
720,30.066079295154186,30.066079295154186,,,30.066079295154186
721,37.33480176211454,37.33480176211454,,,37.33480176211454
722,12.555066079295155,30.286343612334804,,,12.555066079295155
723,50.110132158590304,30.286343612334804,,,50.110132158590304
724,30.286343612334804,30.286343612334804,,,30.286343612334804
725,16.85022026431718,50.110132158590304,,,16.85022026431718
726,86.12334801762115,86.12334801762115,,,86.12334801762115
727,96.80616740088107,86.12334801762115,,,96.80616740088107
728,99.11894273127754,86.12334801762115,,,99.11894273127754
729,46.25550660792951,66.62995594713657,,,46.25550660792951
730,58.920704845814974,58.920704845814974,,,58.920704845814974
731,66.62995594713657,58.920704845814974,,,66.62995594713657
732,32.48898678414097,58.920704845814974,,,32.48898678414097
733,79.51541850220264,42.51101321585903,,,79.51541850220264
734,38.54625550660793,42.51101321585903,,,38.54625550660793
735,42.51101321585903,53.414096916299556,,,42.51101321585903
736,53.414096916299556,42.51101321585903,,,53.414096916299556
737,71.25550660792952,51.10132158590308,,,71.25550660792952
738,7.929515418502203,51.10132158590308,,,7.929515418502203
739,51.10132158590308,41.07929515418502,,,51.10132158590308
740,41.07929515418502,41.07929515418502,,,41.07929515418502
741,34.140969162995596,51.10132158590308,,,34.140969162995596
742,76.98237885462555,55.17621145374449,,,76.98237885462555
743,55.17621145374449,55.17621145374449,,,55.17621145374449
744,63.986784140969164,63.986784140969164,,,63.986784140969164
745,22.687224669603523,63.986784140969164,,,22.687224669603523
746,84.14096916299559,63.986784140969164,,,84.14096916299559
747,85.79295154185021,61.78414096916299,,,85.79295154185021
748,1.762114537444934,80.06607929515418,,,1.762114537444934
749,61.78414096916299,79.18502202643171,,,61.78414096916299
750,80.06607929515418,65.52863436123349,,,80.06607929515418
751,79.18502202643171,79.18502202643171,,,79.18502202643171
752,65.52863436123349,79.18502202643171,,,65.52863436123349
753,89.20704845814979,66.85022026431719,,,89.20704845814979
754,39.97797356828194,66.85022026431719,,,39.97797356828194
755,66.85022026431719,66.85022026431719,,,66.85022026431719
756,84.80176211453745,66.85022026431719,,,84.80176211453745
757,60.352422907488986,66.85022026431719,,,60.352422907488986
758,85.57268722466961,84.80176211453745,,,85.57268722466961
759,34.58149779735683,60.352422907488986,,,34.58149779735683
760,86.45374449339207,72.68722466960352,,,86.45374449339207
761,40.308370044052865,62.77533039647577,,,40.308370044052865
762,72.68722466960352,72.68722466960352,,,72.68722466960352
763,62.77533039647577,62.77533039647577,,,62.77533039647577
764,96.58590308370044,72.3568281938326,,,96.58590308370044
765,35.352422907488986,62.77533039647577,,,35.352422907488986
766,72.3568281938326,72.3568281938326,,,72.3568281938326
767,33.370044052863435,72.3568281938326,,,33.370044052863435
768,88.54625550660793,73.12775330396477,,,88.54625550660793
769,84.91189427312776,84.91189427312776,,,84.91189427312776
770,73.12775330396477,84.91189427312776,,,73.12775330396477
771,91.85022026431719,78.63436123348018,,,91.85022026431719
772,78.63436123348018,74.44933920704845,,,78.63436123348018
773,74.44933920704845,74.44933920704845,,,74.44933920704845
774,46.14537444933921,74.44933920704845,,,46.14537444933921
775,64.64757709251101,74.44933920704845,,,64.64757709251101
776,88.43612334801763,64.64757709251101,,,88.43612334801763
777,99.55947136563876,88.43612334801763,,,99.55947136563876
778,58.590308370044056,88.43612334801763,,,58.590308370044056
779,97.3568281938326,72.57709251101322,,,97.3568281938326
780,72.57709251101322,72.57709251101322,,,72.57709251101322
781,44.49339207048458,72.57709251101322,,,44.49339207048458
782,95.70484581497797,69.7136563876652,,,95.70484581497797
783,49.55947136563877,69.7136563876652,,,49.55947136563877
784,69.7136563876652,75.66079295154185,,,69.7136563876652
785,75.66079295154185,75.66079295154185,,,75.66079295154185
786,99.77973568281938,76.2114537444934,,,99.77973568281938
787,76.2114537444934,76.2114537444934,,,76.2114537444934
788,84.69162995594714,84.69162995594714,,,84.69162995594714
789,69.05286343612335,84.69162995594714,,,69.05286343612335
790,85.35242290748899,84.69162995594714,,,85.35242290748899
791,87.88546255506607,85.35242290748899,,,87.88546255506607
792,77.6431718061674,85.35242290748899,,,77.6431718061674
793,88.87665198237885,79.84581497797357,,,88.87665198237885
794,66.18942731277532,77.6431718061674,,,66.18942731277532
795,79.84581497797357,79.84581497797357,,,79.84581497797357
796,51.431718061674005,74.77973568281938,,,51.431718061674005
797,97.13656387665198,74.77973568281938,,,97.13656387665198
798,74.77973568281938,65.41850220264317,,,74.77973568281938
799,31.167400881057265,74.77973568281938,,,31.167400881057265
800,65.41850220264317,65.41850220264317,,,65.41850220264317
801,81.6079295154185,43.72246696035242,,,81.6079295154185
802,43.392070484581495,43.72246696035242,,,43.392070484581495
803,43.72246696035242,43.72246696035242,,,43.72246696035242
804,23.788546255506606,43.392070484581495,,,23.788546255506606
805,47.46696035242291,43.72246696035242,,,47.46696035242291
806,41.629955947136565,42.070484581497794,,,41.629955947136565
807,52.75330396475771,47.46696035242291,,,52.75330396475771
808,42.070484581497794,52.75330396475771,,,42.070484581497794
809,95.04405286343612,84.58149779735683,,,95.04405286343612
810,87.22466960352423,84.58149779735683,,,87.22466960352423
811,84.58149779735683,84.58149779735683,,,84.58149779735683
812,29.735682819383257,42.40088105726873,,,29.735682819383257
813,25.88105726872247,42.40088105726873,,,25.88105726872247
814,42.40088105726873,42.40088105726873,,,42.40088105726873
815,48.56828193832599,48.56828193832599,,,48.56828193832599
816,75.55066079295155,51.3215859030837,,,75.55066079295155
817,51.3215859030837,63.10572687224669,,,51.3215859030837
818,63.10572687224669,63.10572687224669,,,63.10572687224669
819,92.95154185022027,63.10572687224669,,,92.95154185022027
820,41.85022026431718,77.31277533039648,,,41.85022026431718
821,96.1453744493392,77.31277533039648,,,96.1453744493392
822,77.31277533039648,66.96035242290749,,,77.31277533039648
823,66.96035242290749,66.96035242290749,,,66.96035242290749
824,58.81057268722467,66.96035242290749,,,58.81057268722467
825,48.01762114537445,64.86784140969164,,,48.01762114537445
826,84.36123348017621,64.86784140969164,,,84.36123348017621
827,64.86784140969164,84.36123348017621,,,64.86784140969164
828,93.5022026431718,84.36123348017621,,,93.5022026431718
829,91.74008810572687,90.52863436123349,,,91.74008810572687
830,30.176211453744493,90.52863436123349,,,30.176211453744493
831,90.52863436123349,90.52863436123349,,,90.52863436123349
832,78.19383259911893,78.19383259911893,,,78.19383259911893
833,93.83259911894272,78.19383259911893,,,93.83259911894272
834,58.70044052863436,78.19383259911893,,,58.70044052863436
835,39.53744493392071,64.53744493392071,,,39.53744493392071
836,98.23788546255507,58.70044052863436,,,98.23788546255507
837,64.53744493392071,64.53744493392071,,,64.53744493392071
838,42.621145374449334,83.48017621145375,,,42.621145374449334
839,92.18061674008811,83.48017621145375,,,92.18061674008811
840,83.48017621145375,83.48017621145375,,,83.48017621145375
841,94.49339207048459,83.48017621145375,,,94.49339207048459
842,47.907488986784145,59.801762114537446,,,47.907488986784145
843,53.30396475770925,59.801762114537446,,,53.30396475770925
844,59.801762114537446,59.801762114537446,,,59.801762114537446
845,74.11894273127754,74.11894273127754,,,74.11894273127754
846,81.71806167400881,74.11894273127754,,,81.71806167400881
847,98.01762114537445,74.11894273127754,,,98.01762114537445
848,59.471365638766514,67.73127753303964,,,59.471365638766514
849,30.947136563876654,67.73127753303964,,,30.947136563876654
850,67.73127753303964,67.73127753303964,,,67.73127753303964
851,97.02643171806167,67.73127753303964,,,97.02643171806167
852,77.5330396475771,70.70484581497797,,,77.5330396475771
853,61.45374449339207,70.70484581497797,,,61.45374449339207
854,70.70484581497797,61.45374449339207,,,70.70484581497797
855,16.409691629955947,61.34361233480177,,,16.409691629955947
856,54.40528634361234,61.34361233480177,,,54.40528634361234
857,61.34361233480177,56.93832599118943,,,61.34361233480177
858,77.97356828193833,58.25991189427313,,,77.97356828193833
859,56.93832599118943,58.25991189427313,,,56.93832599118943
860,58.25991189427313,56.93832599118943,,,58.25991189427313
861,26.762114537444937,56.93832599118943,,,26.762114537444937
862,20.814977973568283,57.48898678414097,,,20.814977973568283
863,57.48898678414097,57.48898678414097,,,57.48898678414097
864,72.79735682819384,72.24669603524228,,,72.79735682819384
865,96.69603524229075,72.79735682819384,,,96.69603524229075
866,72.24669603524228,85.46255506607929,,,72.24669603524228
867,96.25550660792952,85.46255506607929,,,96.25550660792952
868,85.46255506607929,85.46255506607929,,,85.46255506607929
869,73.7885462555066,85.46255506607929,,,73.7885462555066
870,86.89427312775331,73.7885462555066,,,86.89427312775331
871,62.88546255506608,73.45814977973568,,,62.88546255506608
872,51.76211453744494,62.88546255506608,,,51.76211453744494
873,73.45814977973568,62.88546255506608,,,73.45814977973568
874,53.63436123348018,53.63436123348018,,,53.63436123348018
875,75.33039647577093,61.013215859030836,,,75.33039647577093
876,44.82378854625551,61.013215859030836,,,44.82378854625551
877,61.013215859030836,61.013215859030836,,,61.013215859030836
878,73.23788546255507,50.55066079295154,,,73.23788546255507
879,50.55066079295154,50.55066079295154,,,50.55066079295154
880,34.2511013215859,50.330396475770925,,,34.2511013215859
881,42.841409691629956,50.330396475770925,,,42.841409691629956
882,50.330396475770925,50.330396475770925,,,50.330396475770925
883,65.19823788546255,50.330396475770925,,,65.19823788546255
884,75.99118942731278,65.19823788546255,,,75.99118942731278
885,27.09251101321586,65.19823788546255,,,27.09251101321586
886,67.95154185022027,67.95154185022027,,,67.95154185022027
887,49.118942731277535,49.118942731277535,,,49.118942731277535
888,81.27753303964758,49.118942731277535,,,81.27753303964758
889,45.48458149779736,49.118942731277535,,,45.48458149779736
890,22.24669603524229,53.524229074889874,,,22.24669603524229
891,53.524229074889874,53.524229074889874,,,53.524229074889874
892,73.34801762114537,58.14977973568281,,,73.34801762114537
893,58.14977973568281,58.14977973568281,,,58.14977973568281
894,92.29074889867842,73.34801762114537,,,92.29074889867842
895,35.02202643171806,74.22907488986785,,,35.02202643171806
896,74.22907488986785,74.22907488986785,,,74.22907488986785
897,82.48898678414098,35.02202643171806,,,82.48898678414098
898,25.66079295154185,74.22907488986785,,,25.66079295154185
899,25.220264317180618,82.48898678414098,,,25.220264317180618
900,93.6123348017621,70.92511013215858,,,93.6123348017621
901,92.40088105726872,70.92511013215858,,,92.40088105726872
902,70.92511013215858,73.01762114537445,,,70.92511013215858
903,54.845814977973575,73.01762114537445,,,54.845814977973575
904,73.01762114537445,73.01762114537445,,,73.01762114537445
905,91.51982378854625,80.72687224669603,,,91.51982378854625
906,80.72687224669603,80.72687224669603,,,80.72687224669603
907,89.86784140969164,80.72687224669603,,,89.86784140969164
908,60.242290748898675,60.242290748898675,,,60.242290748898675
